artifact_id,artifact_type,fingerprint
configs/fund_flow_forward_chain_policy.json,evidence_sha256,b8ec855d9584e988b43cfd6d1aec6a98fbaaf6e00eb0bab674c75e5cdbdce8b8
configs/fund_flow_forward_ledger_schema.json,evidence_sha256,af5624e9d3c1da4623503bf0df2dbb61677cb640301f38c6eb62e93e4eb04526
data_catalog/cache/trading_calendar/a_share_trade_calendar.csv,evidence_sha256,f348dd4c8863a5f2a5ff543a427c36198dbe3ca00f01a268f736490b2989d975
scripts/audit_v5_30_fund_flow_forward_ledger_integrity.py,script_sha256,24bc87534b97c42e1f8a256bae51734d383e7d0bc2acd7807f24c33ee9389224
scripts/build_v5_10_rebound_leader_goal_completion_audit.py,script_sha256,bba58b8c662de0fea0f1e3f78cb13575360afd4f65be11285147d7cce043a007
scripts/build_v5_25_fund_flow_forward_observer.py,script_sha256,416e8ba08b3d5d96cbb66c39d277f7130422d67e3c8cf0f2d8d0dcfc92768846
scripts/build_v5_26_fund_flow_forward_entry_gate.py,script_sha256,9809fe03125b64c78435ff058a7542bcd9a1133269e34887c726848621929ac3
scripts/build_v5_28_fund_flow_promotion_evaluator.py,script_sha256,31f650900e86d0b82b03a5f26d1c134dd0e388f720b3bd4313bc1801e31e667c
scripts/build_v5_29_fund_flow_evidence_calendar.py,script_sha256,7babd6a5fff591fa9dbbbccab4f5110b8f828284d016c6868523b88bf113e144
scripts/build_v5_31_fund_flow_evidence_freeze_manifest.py,script_sha256,45b09eee4c978be93b30a3bb1c354a020683ca329ac8e285acf0c8457cfc4fdd
scripts/build_v5_32_fund_flow_holding_observation.py,script_sha256,e5a0dd3b3cc046dfd8038aa8d305d8de1a49bc545a5085047d4e96e71ea83738
scripts/build_v5_33_fund_flow_entry_price_freeze.py,script_sha256,8126b401deb615658f2281c182744ae195eb1382416b7ea56eaa247db950817a
scripts/build_v5_34_fund_flow_benchmark_entry_freeze.py,script_sha256,944a2be13a05f4a9e668f9062afdbb8635898c4c4e368ca7f1f97d4cc29d1719
scripts/build_v5_35_fund_flow_waiting_room.py,script_sha256,82088707368212bf564f91ed891a79be5ef7a727dc98958f20fcd122e02d6483
scripts/fund_flow_forward_evidence.py,script_sha256,a678aa2a09d488339a06e92c7d1e3e8f17173b9de466368684f3dbbefe935d0a
scripts/research_integrity.py,script_sha256,8d57ad9a42dea647c716b4cda788f4f707c5d41e4539704000ea0fa0a94c7a5a
scripts/run_v4_71_live_refresh.py,script_sha256,abf6867edbc72f5722ed8afca3e26ba70ce0f0afb92a9916b598be672bb7548f
scripts/settle_v5_27_fund_flow_forward_samples.py,script_sha256,99df87bbffbdab5849f45e7fcad8deaea2e2ebdf5eb44d0461daaae7f2285f91
