artifact_id,artifact_type,fingerprint
scripts/build_v5_10_rebound_leader_goal_completion_audit.py,script_sha256,545e1191c5c1e8d80700452ef1d0f9453576c18cf2c80ea163e261a3696805e3
scripts/build_v5_25_fund_flow_forward_observer.py,script_sha256,a0010829dd21842ae1f0e402d8137a23b50164599f68b1dad57c59f9ce6c2f01
scripts/build_v5_26_fund_flow_forward_entry_gate.py,script_sha256,69891dd7e8643a3d95721a32446bdcfc8e993d5e952daf4dd62248c42c9b2243
scripts/settle_v5_27_fund_flow_forward_samples.py,script_sha256,017adaa70902b27a7e2031c83a8caecba01b155f7e6be7a0d55ebffad4572292
scripts/build_v5_28_fund_flow_promotion_evaluator.py,script_sha256,aba85874e4ab55449307530136baefe0dd7ffbbe18264da25f90ed4a9e13e60c
scripts/build_v5_29_fund_flow_evidence_calendar.py,script_sha256,39c35b3dff3672f48eb31257398f443de88f29cefba386f72b0dd46123ae6248
scripts/build_v5_32_fund_flow_holding_observation.py,script_sha256,3da6e02049a0763225003637d4103e27c2034e4948bec0bf70506f48677a9aab
scripts/build_v5_33_fund_flow_entry_price_freeze.py,script_sha256,31cfadd2be267c6e64a948c4380fdd5ecb591fc1453a374100f5051a991c1608
scripts/build_v5_34_fund_flow_benchmark_entry_freeze.py,script_sha256,bc2e420ab7faccb9f49e7e1c9623d4342d16de72f901fedbb07745da63a90ea3
scripts/build_v5_35_fund_flow_waiting_room.py,script_sha256,351fc1d998e27b1fb0d87466a4ed84707660511ab51256206cc80aa74a11e0c5
scripts/audit_v5_30_fund_flow_forward_ledger_integrity.py,script_sha256,42797c27ffe91646fa4025511dd293a1f789f597be51212b9cd57059c2db1eec
logs/v5_25_fund_flow_forward_ledger.csv::stable_observation_fields,logical_ledger_sha256,652414ce34ef6d638fae18cd77cc0933e001f587d22b9b65b6c24ea3b2447bf7
